{"cameraMode":{"drawMode":0,"name":"Shaded","section":"Shading Mode"},"sceneLighting":false,"audioPlay":false,"sceneViewState":{"m_AlwaysRefresh":false,"showFog":true,"showSkybox":false,"showFlares":true,"showImageEffects":true,"showParticleSystems":true,"showVisualEffectGraphs":true,"m_FxEnabled":true},"in2DMode":false,"pivot":{"x":-0.07999998331069946,"y":0.7699999809265137,"z":0.45000001788139346},"rotation":{"x":-0.5256739854812622,"y":0.0017832322046160699,"z":-0.0010948377894237638,"w":-0.8506991267204285},"size":1.3614530563354493,"orthographic":false}